Idiom	Accept
Great Britain and Ireland	0
I can tell you	0
I never did	0
I rest my case	1
I take it	0
I'll be damned	1
Prince of Darkness	1
Swiss bank account	0
Tom, Dick and Harry	0
X's and O's	1
a bit much	1
a bridge too far	1
a good deal	1
a great deal	0
a hair's breadth	1
a life of its own	1
a notch above	1
above and beyond	1
above and beyond the call of duty	1
above the law	0
accident of birth	0
accident waiting to happen	1
ace in the hole	1
ace up one's sleeve	1
across the board	0
across the pond	1
act of Congress	0
act one's age	0
add fuel to the fire	1
add insult to injury	1
after the fact	0
again and again	1
against all odds	1
against the clock	1
against the grain	0
against the law	0
against the run of play	0
against the world	0
agree to disagree	1
agreement in principle	0
ahead of one's time	1
ahead of the curve	1
ahead of the game	1
alive and kicking	1
all and sundry	0
all at once	0
all bets are off	1
all hell breaks loose	1
all hell broke loose	1
all in a day's work	1
all it's cracked up to be	1
all kinds of	0
all one's eggs in one basket 1
all over the board	0
all over the map	0
all over the place	1
all over with	0
all rights reserved	0
all that jazz	1
all the marbles	0
all the rage	1
all the same	0
all the while	0
all things being equal	1
all things considered	1
all things to all people	1
all very well	0
along the lines	1
also known as	0
an apple a day	0
an axe to grind	1
an offer one can't refuse	1
and all this	0
and be done with it	1
and his mother	0
and so forth	0
and so on	0
and the like	0
and then some	1
angle of attack	0
answer on a postcard	0
apple of someone's eye	1
apples and oranges	0
area of influence	0
arm and a leg	1
around the clock	1
around the corner	0
as I was saying	0
as a rule	0
as a whole	0
as all get-out	0
as best one can	0
as far as	0
as far as one knows	0
as it happens	0
as long as	0
as luck would have it	1
as often as not	0
as soon as	0
as the crow flies	1
as the day is long	1
as the next guy	1
as well as	0
as you know	0
ask for it	0
ask the question 0
asleep at the switch	1
assault and battery	0
assume the mantle	0
assume the position	0
at a canter	0
at a glance	1
at a loss	0	
at a loss for words	1
at a moment's notice	0
at a pinch	0
at a stand	0
at all hours	
at arm's length	1
at death's door	1
at each other's throats	1
at first blush	0
at full tilt	0
at long last	0
at one's fingertips	1
at peace with	0
at sixes and sevens	1
at the best of times	1
at the coal face	0
at the drop of a hat	1
at the end of one's tether	1
at the end of the day	0
at the feet of	0
at the helm	0
at the mercy of	0
at the moment	0
at the ready	0
at the receiving end	0
at the top of one's lungs	1
at the top of one's voice	1
at the very least	0
at the wheel	0
at this point in time	1
away from home	0
back and forth	0
back at you	1
back in the day	0
back of one's hand	0
back to the drawing board	1
back to the wall	0
bad hair day	0
bad old days	0
bad taste in one's mouth	1
bag of tricks	1
balance the books	1
ball of fire	0
bang for the buck	1
baptism by fire	1
bare one's soul	1
barrel of laughs	0
bat an eyelid	1
batten down the hatches	1
be a man	0
be absorbed by	0
bee in one's bonnet	1
been there, done that	1
before someone's time	1
beg to differ	0
behind closed doors	1
behind someone's back	1
behind the counter	0
behind the eight-ball	0
behind the scenes	1
behind the times	0
behind the wheel	1
believe it or not	0
believe one's ears	1
believe one's eyes	1
believe you me	0
bells and whistles	1
below the belt	1
bend over backwards	1
bend the rules	1
beneath the surface	1
beside the point	0
best laid plans	1
best of both worlds	1
best of the bunch	1
best thing since sliced bread	1
bet one's bottom dollar	1
bet the farm	1
better and better	0
between a rock and a hard place	1
between the pipes	0
beyond the call of duty	1
beyond the pale	0
bide one's time	0
big fish in a small pond	1
bigger fish to fry	1
bill of goods	0
birds and bees	0
birds of a feather	0
bit between one's teeth	0
bite of the cherry	0
bite off more than one can chew	1
bite one's tongue	1
bite the bullet	1
bite the dust	1
bite to earth	0
bits and bobs	0
bitter pill to swallow	1
black and blue	0
blaze a trail	1
bleed to death	0
blessing in disguise	1
blink of an eye	1
blocking and tackling	1
blood and guts	0
blood in the water	1
blood, sweat and tears	0
blow off steam	1
blow someone's mind	0
blow the whistle	1
blow up in one's face	1
body of water	0
bone of contention	0
boots on the ground	1
born and bred	1
born with a silver spoon in one's mouth	1
bottom of the ninth	1
bought and paid for	0
boys and girls	0
bread and butter	1
break a leg	1
break a sweat	1
break new ground	1
break one's duck	0
break someone's heart	1
break the back of	1
break the bank	1
break the cycle	1
break the deadlock	0
break the ice	1
break the mold	1
breaking and entering	0
breath of fresh air	1
breathe a sigh of relief	0
brick and mortar	1
brick by brick	1
bricks and mortar	0
bridge the gap	1
bright and early	1
bring home the bacon	1
bring to a boil	1
bring to bear	1
bring to justice	1
bring to light	1
bring to the table	1
broaden someone's horizons	1
buck the trend	1
bump and grind	1
bump in the road	1
bundle of energy	0
bundle of joy	1
bundle of nerves	0
burst into tears	0
burst out laughing	0
burst someone's bubble	1
bury one's head in the sand	1
bury the hatchet	1
business as usual	1
bust a move	0
buy to let	0
by a long shot	1
by all accounts	1
by all means	1
by and large	0
by any chance	0
by any means	0
by any stretch of the imagination	0
by hook or by crook	0
by no means	0
by one's own hand	1
by the book	1
by the numbers	1
by the same token	1
by the skin of one's teeth	1
by the time	1
by the way	0
by virtue of	0
call a spade a spade	1
call it a day	1
call it a night	1
call it quits	1
call someone's bluff	0
call the shots	1
calm before the storm	1
can of worms	1
can't get enough	0
cap in hand	0
carrot and stick	0
carry a tune	0
carry the can	0
carved in stone	1
cast a shadow	1
cast one's vote	0
cast the first stone	1
cat and mouse	0
catch a cold	0
catch of the day	0
catch sight of	0
catch someone's eye	0
catch the eye	0
caught on the hop	0
caught with one's pants down	1
cause a stir	1
cease and desist	0
cease to be	0
change of heart	1
change of life	0
change of tack	1
change one's mind	0
change one's tune	1
change someone's mind	0
change the channel	0
check and balance	0
checks and balances	0
cherry on top	1
chip off the old block	1
chip on one's shoulder	1
circle the wagons	0
cities and counties	0
city and county	0
claim to fame	1
clamp down on	0
clean up one's act	0
clear one's lines	0
clear the decks	1
clock is ticking	1
close in on	0
close of play	0
close one's eyes	0
close to home	1
close to the wind	0
close up shop	0
cold hard cash	1
collect one's thoughts	1
come a cropper	0
come a long way	1
come and go	0
come down to	0
come down to us	0
come down with	0
come full circle	1
come hell or high water	1
come home to roost	1
come in from the cold	0
come in handy	0
come into being	0
come into one's own	1
come of age	1
come on over	0
come out of one's shell	1
come out of the closet	0
come out of the woodwork	1
come out swinging	1
come thick and fast	0
come to Jesus	0
come to a close	0
come to a head	0
come to an end	0
come to blows	1
come to grief	0
come to grips with	1
come to life	0
come to light	1
come to mind	1
come to nothing	0
come to one's senses	0
come to someone's aid	0
come to someone's rescue	0
come to terms	0
come to terms with	0
come to the fore	0
come to the party	0
come to think of it	0
come up with	0
come what may	0
come with the territory	1
comedy of errors	0
comfortable in one's own skin	0
coming out of one's ears	1
cook the books	1
cool one's heels	1
corner the market	1
cost the earth	0
could care less	0
count one's blessings	0
courage of one's convictions	0
crack a smile	0
crack of dawn	1
crash and burn	1
cream of the crop	1
creme de la creme	1
cross someone's path	0
cross the line	0
cry for help	0
crème de la crème	1
cup of joe	1
cup of tea	0
cut a swath	0
cut and dried	1
cut and thrust	0
cut both ways	1
cut from the same cloth	1
cut one's teeth	1
cut red tape	0
cut the mustard	0
cut the umbilical cord	1
cut to the chase	0
date with destiny	1
day after day	0
day and age	0
day and night	0
day in, day out	1
day or night	0
days of yore	0
dead and buried	0
dead cat bounce	0
dead in the water	1
dead of night	1
deer in the headlights	1
deliver the goods	0
deputy first minister	1
devil is in the details	1
diamond in the rough	1
dig in one's heels	1
dig up dirt	1
dime a dozen	1
do away with	0
do it tough	0
do one's bit	1
do one's business	0
do one's thing	0
do right by	0
do someone proud	0
do the deed	1
do the hard yards	1
do the honors	1
do the honours	1
do the math	1
do the right thing	0
do the trick	0
dog and cat	0
dog and pony show	1
dog eat dog	1
don't get me started	0
don't go there	0
don't hold your breath	1
don't tell me	0
done and done	0
done and dusted	0
doom and gloom	1
down and out	1
down at heel	0
down for the count	1
down in the dumps	1
down on one's luck	1
down the drain	1
down the line	1
down the pan	0
down the road	1
down the toilet	1
down the track	1
down the tubes	1
down to a fine art	1
down to the wire	0
drag one's feet	0
draw a line	0
draw a line in the sand	1
draw the line	0
dressed to the nines	1
dribs and drabs	0
drive someone crazy	0
drop in the bucket	1
drop in the ocean	0
drop the ball	1
drug of choice	0
duke it out	0
dyed in the wool	0
ear to the ground	1
earn one's keep	1
easier said than done	1
easy on the eye	1
easy on the eyes	1
eat humble pie	0
eat one's heart out	1
eat someone alive	0
eat someone's lunch	1
economical with the truth	0
element of surprise	0
elephant in the room	1
embarrassment of riches	0
end of the line	0
end of the world	0
err on the side of	0
err on the side of caution	0
esprit de corps	0
even the score	0
every which way	0
everything but the kitchen sink	1
exception that proves the rule	0
extra pair of hands	0
eye for an eye	1
eye of the beholder	1
face the facts	1
face the music	1
face to face	1
facts on the ground	1
failure to thrive	0
fair and square	0
fall between the cracks	1
fall by the wayside	1
fall from grace	0
fall in line	1
fall into one's lap	1
fall into place	1
fall into the wrong hands	0
fall off the wagon	0
fall on deaf ears	1
fall on hard times	1
fall on one's face	1
fall on one's sword	1
fall through the cracks	1
fan the flames	1
fancy one's chances	1
far and away	0
far and wide	0
far be it	1
fast and furious	0
fat and happy	0
feast for the eyes	1
feast or famine	0
feather in one's cap	0
feel the pinch	1
feel up to	0
feet of clay	0
feet on the ground	0
few and far between	0
fight fire with fire	1
figure of speech	0
fill in the blank	0
fill one's boots	1
fill someone's shoes	1
fill the bill	1
final nail in the coffin	1
find another gear	0
find it in one's heart	1
find one's feet	1
find one's voice	1
find the net	0
fire in the belly	1
fire on all cylinders	1
first among equals	1
first and last	0
first come, first served	0
first of all	0
first port of call	0
fish out of water	1
fish to fry	1
fit for a king	1
fit the bill	1
fits and starts	0
flash in the pan	0
flight of fancy	0
float someone's boat	1
fly a kite	0
fly in the face of	0
fly in the ointment	0
fly off the handle	1
fly off the shelves	1
fly on the wall	1
follow in someone's footsteps	1
food for thought	1
for Pete's sake	0
for a change	0
for a fact	0
for a song	0
for a start	0
for all intents and purposes	0
for all the world	0
for crying out loud	0
for good measure	0
for goodness' sake	0
for heaven's sake	0
for my money	1
for old times' sake	1
for one's life	0
for one's particular	0
for that matter	0
for the ages	1
for the birds	1
for the heck of it	0
for the hell of it	0
for the love of	1
for the most part	0
for the time being	1
force someone's hand	1
forgive and forget	0
fountain of youth	1
free and easy	0
freedom of speech	0
fresh out of	0
friends in high places	1
from A to Z	1
from a mile away	1
from cover to cover	1
from pillar to post	0
from the bottom of one's heart	1
from the cradle to the grave	1
from the get-go	1
from the ground up	1
from the word go	1
from time to time	1
front and center	1
full of beans	1
full of crap	1
full of it	1
full speed ahead	1
full to the brim	1
fun and games	0
gang up on	1
genie is out of the bottle	1
get a fix	0
get a grip	0
get a handle on	0
get a jump on	0
get a kick out of	0
get a leg up	0
get a life	1
get a move on	0
get a rise out of	0
get a room	1
get away with	0
get away with murder	1
get back at	0
get carried away	0
get cold feet	1
get down to business	1
get in on the act	1
get into one's stride	1
get into trouble	0
get it on	0
get it over with	1
get it up	0
get off one's chest	0
get off the ground	1
get off with	0
get on someone's nerves	0
get on the end of	0
get on to	0
get one's act together	1
get one's feet wet	1
get one's fill	1
get one's foot in the door	1
get one's hands dirty	1
get one's hands on	1
get one's head around	1
get one's hopes up	1
get one's money's worth	1
get one's skates on	1
get one's way	1
get out of here	0
get out of jail free card	1
get some air	0
get stuck in	0
get stuck into	0
get the ball rolling	1
get the better of	0
get the boot	1
get the chop	1
get the drift	1
get the hang of	1
get the memo	1
get the picture	1
get the point	1
get the sack	1
get the time	1
get the word out	1
get through to	0
get to grips with	1
get to the bottom of	1
get to the point	1
get under someone's skin	1
get wind of	1
get with the program	1
gift of the gab	1
gift that keeps on giving	0
give a shit	0
give and take	0
give it one's best shot	0
give one's all	1
give or take	0
give someone a hand	1
give someone a hard time	1
give someone pause	0
give something a whirl	0
give up the ghost	0
glutton for punishment	0
go a long way	0
go against the grain	1
go all out	0
go all the way	0
go along for the ride	1
go along to get along	0
go along with	0
go back in time	0
go back to the drawing board	1
go by the wayside	1
go down in flames	1
go down on	0
go down that road	0
go down the drain	1
go down the road	0
go for broke	1
go for it	0
go for the gold	1
go for the jugular	1
go from strength to strength	0
go hand in hand	0
go in with	0
go it alone	0
go out of one's way	0
go out on a limb	1
go out with a bang	1
go over someone's head	0
go so far as	0
go the distance	0
go the extra mile	1
go the way of	0
go the whole hog	0
go through the motions	0
go through with	0
go to great lengths	0
go to ground	0
go to sea	0
go to seed	0
go to sleep	0
go to someone's head	0
go to the mat	0
go to the polls	1
go to the wall	0
go to town	0
go to work	0
go too far	0
go up for	0
go up in flames	1
go up in smoke	1
go with the flow	1
go without saying	0
going at it	0
gone with the wind	0
good as one's word	0
good enough to eat	0
good for nothing	0
good old boy	0
good old days	0
good to go	0
grab and go	0
grasp the nettle	1
grease the wheels	1
green with envy	1
grind to a halt	1
grow out of	0
hair of the dog	0
hale and hearty	0
ham it up	0
hammer and sickle	0
hammer and tongs	0
hand in glove	0
hand in hand	0
hand over fist	0
hand over hand	0
hand to mouth	1
handwriting on the wall	0
hang in the balance	0
hang one's hat	0
hang one's hat on	0
hang up one's boots	1
happily ever after	0
hard done by	0
hard nut to crack	1
hard of hearing	1
hard pill to swallow	1
hat in hand	0
have a ball	1
have a couple	0
have a few	0
have a fit	0
have a go	1
have a good time	1
have a handle on	0
have a heart	0
have a laugh	1
have a mind of one's own	0
have a mountain to climb	0
have a nice day	0
have a pair	1
have a say	1
have a seat	0
have a thing	0
have a word	0
have an eye for	1
have been around	0
have blood on one's hands	1
have eyes on	0
have had it	0
have in mind	0
have it both ways	1
have it easy	0
have it in for	1
have one's cake and eat it too	1
have one's eye on	1
have one's hands full	1
have one's name on	0
have one's way	0
have one's way with	0
have second thoughts	0	
have someone going	0
have someone's back	1
have someone's number	0
have the floor	1
have the last laugh	0
have the time of one's life	1
head and shoulders	0
head for the hills	0
head of steam	0
head over heels	1
head to toe	0
heads or tails	0
heads will roll	1
heart and soul	0
heart of gold	1
heart of hearts	0
heart to heart	0
hedge one's bets	1
hell on earth	1
hell or high water	1
hell to pay	1
here to stay	0
here we go	0
here we go again	0
here you are	0
here you go	0
hiding to nothing	0
high and mighty	1
high on the hog	1
hill of beans	0
hindsight is 20/20	0
hit a snag	0
hit it big	1
hit it off	0
hit the big time	1
hit the books	0
hit the bottle	1
hit the buffers	1
hit the fan	1
hit the gas	1
hit the ground running	0
hit the headlines	1
hit the jackpot	1
hit the nail on the head	1
hit the pavement	1
hit the road	0
hit the rocks	0
hit the roof	0
hit the skids	0
hither and yon	0
hive of activity	0
hold a candle	1
hold a grudge	0
hold one's breath	1
hold one's head high	0
hold one's horses	1
hold one's nerve	0
hold one's own	0
hold one's tongue	1
hold someone's feet to the fire	1
hold someone's hand	0
hold the line	0
hold the phone	0
hold the reins	1
hold up one's end	0
home and dry	0
home and hosed	0
home away from home	0
home in on	0
home sweet home	0
honey do list	0
hook, line and sinker	0
hop, skip, and a jump	1
hope against hope	1
horses for courses	1
hot and bothered	0
hot and cold	0
hot and heavy	0
hot on someone's heels	1
hot to trot	0
hot under the collar	1
house of cards	0
how are you	0
hugs and kisses	0
hurt someone's feelings	0
husband and wife	0
hustle and bustle	0
if I do say so myself	0
if I'm honest	0
if need be	0
if needs be	0
if nothing else	0
ifs, ands, or buts	0
in a bind	1
in a canter	1
in a flash	1
in a heartbeat	1
in a league of one's own	1
in a nutshell	1
in a pinch	1
in a state	0
in a walk	0
in all honesty	0
in all one's glory	0
in and out	0
in any way, shape, or form	0
in at the deep end	1
in bed with	0
in black and white	0
in cold blood	1
in for the kill	1
in from the cold	0
in full force	0
in full gear	0
in full swing	0
in layman's terms	1
in light of	1
in living memory	0
in no small measure	0
in no time	1
in no time at all	0
in no uncertain terms	0
in no way	0
in no way, shape, or form	0
in one's armour	0
in one's book	0
in one's dreams	0
in one's element	0
in one's face	0
in one's head	0
in one's pocket	0
in one's right mind	0
in other words	0
in plain view	0
in recent memory	0
in safe hands	0
in someone's pocket	0
in someone's shoes	0
in someone's wheelhouse	1
in spite of	0
in the act	0
in the bag	0
in the black	1
in the blink of an eye	1
in the books	1
in the buff	1
in the cards	1
in the clear	1
in the crosshairs	1
in the dark	1
in the dock	0
in the doghouse	0
in the drink	0
in the driver's seat	1
in the driving seat	1
in the face of	1
in the fast lane	1
in the final analysis	0
in the first place	0
in the game	0
in the here and now	0
in the hole	0
in the hopper	0
in the hospital	0
in the hot seat	0
in the interest of justice	0
in the lead	0
in the least	0
in the limelight	1
in the line of duty	1
in the long run	1
in the long term	1
in the loop	0
in the making	0
in the middle of	0
in the money	0
in the nick of time	1
in the offing	0
in the pink	0
in the post	0
in the process of	0
in the raw	0
in the red	1
in the right place at the right time	1
in the room	0
in the running	1
in the safe	0
in the same boat	1
in the same breath	1
in the short run	0
in the soup	0
in the sticks	0
in the swim	0
in the tank	0
in the thick of	0
in the thick of it	1
in the toilet	0
in the wake of	0
in the way	0
in the way of	0
in the weeds	1
in the wind	0
in the works	1
in the world	0
in the worst way	0
in the wrong place at the wrong time	1
in the zone	0
in this day and age	1
in too deep	1
in view of	0
in with a chance	0
in your dreams	0
in your face	1
inch by inch	1
ins and outs	0
inside the box	0
into thin air	1
irons in the fire	0
it goes to show	0
it is what it is	1
it takes two to tango	0
it's about time	0
it's all good	0
jack of all trades	1
join the club	1
joined at the hip	1
judge, jury and executioner	0
jump at the chance	0
jump for joy	1
jump on the bandwagon	1
jump the gun	1
jump the queue	1
jump through hoops	1
jump to conclusions	1
jury is out	1
just a minute	0
just a second	0
just in case	0
just like that	0
just the same	0
just what the doctor ordered	1
keep a close watch on	0
keep a cool head	0
keep a lid on	0
keep a low profile	0
keep an eye on	0
keep an eye open	0
keep an eye out	0
keep it real	0
keep it up	0
keep one's chin up	1
keep one's cool	1
keep one's eye on the ball	1
keep one's eyes peeled	1
keep one's fingers crossed	1
keep one's head	1
keep one's head above water	1
keep one's head down	1
keep one's mouth shut	1
keep one's options open	1
keep someone company	0
keep someone in the loop	1
keep someone posted	1
keep tabs on	0
keep the peace	0
keep up appearances	0
keep up with the Joneses	0
kernel of truth	0
kettle of fish	0
keys to the kingdom	1
kick in the pants	0
kick in the teeth	1
kick the bucket	1
kick the can down the road 1
kick the habit	1
kick the tires	1
kick up one's heels	0
kicking and screaming	0
king of the hill	0
kiss and make up	0
kiss of death	1
kiss of life	0
knight in shining armor	1
knock it off	0
knock on wood	0
knock someone's socks off	1
know no bounds	0
know one's way around	0
know the score	0
know where one stands	0
labor of love	0
labour of love	0
ladies and gentlemen	0
land of opportunity	0
land on one's feet	0
lap of luxury	0
larger than life	0
last thing one needs	0
laugh a minute	0
law of the jungle	1
lay an egg	0
lay down the law
lay eyes on	0
lay hands on	0
lay of the land	1
lay the groundwork	0
lay to rest	1
lead the line	1
lead up to	1
leader of the free world	0
lean and mean	0
leaps and bounds	1
leave no stone unturned	1
left and right	0
lend a hand	1
lend itself to	0
lesser of two evils	1
let bygones be bygones	1
let in on	0
let it be	0
let nature take its course	0
let one go	0
let one's hair down	1
let someone go	0
let someone have it	0
let the cat out of the bag	1
let the chips fall where they may	1
let them have it	0
licence to print money	0
lick one's wounds	1
life and limb	0
life and soul of the party	0
life is too short	0
life of the party	0
lift a finger	1
light a fire under	1
light at the end of the tunnel	0
light on one's feet	0
lightning in a bottle	0
line in the sand	0
line one's pockets	0
live a lie	0
live and learn	0
live and let live	1
live it up	0
live on the edge	0
live paycheck to paycheck	1
live the dream	0
lock, stock and barrel	1
long arm of the law	0
long in the tooth	1
long story short	0
long way around	0
look forward to	0
look on the bright side	1
look the other way	1
look the part	1
look up to	0
loosen the purse strings	1
lord it over	0
lose one's cool	1
lose one's head	1
lose one's mind	0
lose one's temper	1
lose one's way	0
lose the plot	0
loss of face	0
lost in translation	0
loud and clear	1
love at first sight	0
love of one's life	0
luck of the draw	1
lump in one's throat	0
made for each other	0
made in China	0
made in Japan	0
made of sterner stuff	0
made of stone	0
mail it in	0
make a clean break	0
make a decision	0
make a difference	0
make a go of	0
make a killing	1
make a meal of	1
make a mockery of	0
make a move	0
make a point	0
make a splash	1
make an appearance	1
make an example of	1
make ends meet	1
make fun of	0
make good on	0
make hay while the sun shines	1
make it rain 1
make it up to	0
make light of	0
make light work of 0
make matters worse	1
make no bones about	0
make one's bed	0
make one's mark	0
make one's way	0
make quick work of	1
make short work of	1
make someone's day	0
make the cut	1
make the grade	1
make the most of	0
make up one's mind	0
make up the numbers	0
man and boy	1
man and wife	1
man in the street	1
man of few words	1
man of one's word	1
man of the hour	0
man of the people	0
man on the street	1
many happy returns	0
mark my words	0
match made in heaven	0
matter of course	0
matter of fact	0
matter of life and death	1
matter of time	1
meals on wheels	1
mean the world to	1
meat and potatoes	0
meet and greet	0
meet one's maker	1
meeting of the minds
mend one's ways	0
middle of nowhere	0
middle of the road	0
mind one's own business	0
mint chocolate chip	0
miss the mark	0
miss the point	0
mix it up	0
moment in the sun	1
moment of truth	1
moral high ground	0
more like it	0
more than meets the eye	1
more than one bargained for	1
morning, noon and night	0
move heaven and earth	1
move one's body	0
move the goalposts	0
move the needle	1
mover and shaker	0
much ado about nothing	0
muddy the waters	1
music to someone's ears	0
mutual admiration society	0
my way or the highway	0
name and shame  0
name of the game  0
neat and tidy 0
neck and neck 1
neck of the woods 1
needle in a haystack  1
needless to say 0
neither here nor there  0
nerves of steel 1
never in a million years  0
next big thing  0
next to nothing 0
nickel and dime 1
night and day 1
nine times out of ten 0
nip and tuck  1
nip in the bud  1
no great shakes 1
no hard feelings  0
no harm, no foul  1
no holds barred 1
no love lost  1
no mean feat  0
no spring chicken 1
no strings attached 1
no time to lose 0
no two ways about it  0
none of someone's business  0
nook and cranny 1
nose to the grindstone  1
not a chance  0
not a pretty sight  1
not at all  0
not by any means  0
not going anywhere  0
not in the least  0
not so fast 0
not so hot  0
not the end of the world  1
not to mention  0
not to say  0
not your father's 1
nothing for it  0
nothing to it 0
nothing to sneeze at  1
nothing to write home about 1
now and again 0
now and then  0
now or never  0
nowhere to be found 0
null and void 1
nuts and bolts  1
odds and ends 1
of a kind 0
of a piece  0
of all people 0
of all things 0
of that ilk 0
of two minds  0
off and on  0
off and running 1
off one's game  0
off one's meds  0
off one's own bat 1
off one's rocker  1
off the back foot 1
off the bat 1
off the beaten path 1
off the beaten track  1
off the chain 1
off the deep end  0
off the grid  0
off the hook  1
off the radar 1
off the rails 1
off the reservation 0
off the table 1
off the top of one's head 1
off the wagon 0
off to the races  0
offer one's condolences 0
oh my goodness  0
oh my gosh  0
oil and water 1
old boy network 1
old enough to vote  1
on a kick 1
on a regular basis  0
on a roll 0
on a shoestring 1
on a tear 1
on a whim 1
on account of 0
on all fours  1
on and off  0
on cloud nine 1
on good terms with 0
on in years 0
on its merits 0
on no account 0
on one's bill 1
on one's deathbed 1
on one's feet 1
on one's hands 0
on one's high horse 1
on one's knees 1
on one's last legs 1
on one's own 0
on one's own account 0
on one's plate 1
on one's toes 1
on one's watch 0
on pins and needles 1
on second thought 1
on someone's account 0
on someone's mind 0
on the anvil 1
on the back burner 1
on the back foot 1
on the back of 0
on the ball 1
on the blink 0
on the bounce 1
on the brain 0
on the brink 1
on the bubble 1
on the button 1
on the cards 0
on the cheap 0
on the clock 1
on the cutting room floor 0
on the dot 0
on the double 1
on the down-low 1
on the edge of one's seat 1
on the face of  0
on the face of it 0
on the fence  0
on the floor  0
on the fly  1
on the front foot 1
on the game 0
on the go 0
on the ground 0
on the heels of 0
on the hook 1
on the hop  0
on the horn 0
on the ladder 0
on the lam  0
on the level  0
on the line 0
on the loose  0
on the make 0
on the mend 1
on the money  0
on the nose 1
on the other hand 1
on the other side of  0
on the outs 0
on the outside, looking in  0
on the pill 0
on the plus side  0
on the point of 0
on the prowl  0
on the pull 0
on the radar  1
on the rampage  1
on the receiving end  0
on the right track  1
on the rise 0
on the road 0
on the rocks  0
on the ropes  0
on the run  0
on the same page  1
on the same wavelength  1
on the shelf  1
on the side of the angels 1
on the skids  0
on the sly  1
on the spot 1
on the spur of the moment 1
on the square 0
on the street 0
on the table  1
on the take 0
on the trot 1
on the up 0
on the up-and-up  0
on the uptake 0
on the verge  0
on the wagon  1
on the wane 0
on the warpath  1
on the way  0
on the whole  0
on the wrong side of history 1
on thin ice 1
on top of 0
on top of the world 0
once and for all  0
once in a blue moon 1
once in a while 0
once or twice 0
one after another 0
one and all 0
one and only  0
one and the same  0
one at a time 0
one fell swoop 1
one of these days 0
one of those days 0
one of those things 0
one step ahead 0
one step at a time 1
one to talk 1
one too many  0
only game in town 1
only time will tell 1
open someone's eyes 1
open the floodgates 1
or words to that effect 0
out and about 0
out for blood 1
out of bounds 0
out of character  0
out of date 0
out of gas  1
out of it 0
out of kilter 0
out of line 0
out of luck 0
out of nowhere  1
out of one's box  1
out of one's depth  0
out of one's element  1
out of one's face 0
out of one's league 1
out of one's mind 1
out of order  0
out of place  0
out of pocket 1
out of proportion 0
out of shape  0
out of sight  0
out of sorts  0
out of stock  0
out of the blue 1
out of the box  0
out of the chute  0
out of the loop 1
out of the ordinary 0
out of the picture  0
out of the question 0
out of the running  0
out of the way  0
out of the woods  1
out of thin air 1
out of this world 0
out of touch  1
out of wedlock  1
out of whack  1
out of work 0
out on one's feet 1
out the window  0
out to lunch  0
outside the box 1
over a barrel 1
over and out  0
over and over 0
over and over again 0
over my dead body 1
over one's head 0
over the hill 1
over the moon 1
over the top  0
pack a punch  1
pack of lies  1
packed to the gills 1
packed to the rafters 1
pain and suffering 1
pain in the ass 1
pain in the butt  1
pain in the neck  1
pale in comparison  0
par for the course  0
paradise on earth 0
park the bus 1
part and parcel
parting of the ways 0
pass the buck 1
pass the hat  1
pat on the back 0
patience of a saint 0
pave the way  0
pay a visit 0
pay one's dues  0
pay the bills 1
pay the piper 1
pay through the nose  1
peace and quiet 0
peaches and cream 1
peanut butter and jelly 1
penny wise and pound foolish  1
pick someone's brain  1
pick up on  0
pick up the pieces  0
pick up the tab 1
piece de resistance 0
piece of cake 1
piece of crap 1
piece of garbage 0
piece of junk 0
piece of one  0
piece of the action 0
piece of trash  1
piece of work 0
pig in a poke 1
pile on the pounds  1
pill to swallow 1
pitch a tent  0
pièce de résistance 0
place in the sun  1
place of business 0
plant a seed  1
play a part 0
play fast and loose 1
play it cool  0
play it safe  0
play on words 0
play one's cards right  1
play second fiddle  1
play the field  0
play the race card  1
play to the gallery 1
play to win 0
play well with others 0
play with fire  1
poetry in motion 1
point the finger 1
point the finger at 1
pop the question  0
pot calling the kettle black  1
pound of flesh 1
pound the pavement 0
pour cold water on  1
power behind the throne 1
powers that be  0
press the panic button  1
pressed for time  0
price is right  0
price on one's head 0
prim and proper 1
prime of life 1
private branch exchange 0
protest too much  0
pull one's punches  1
pull one's socks up 1
pull one's weight 1
pull out all the stops  1
pull the plug 1
pull the trigger  1
pull the wool over someone's eyes 1
pull up a chair 0
pull up stakes  0
punch above one's weight  1
pure and simple 0
purely and simply 0
push one's luck 1
push someone's buttons  1
push the boat out 1
push the envelope 0
put a crimp in 1
put a damper on 1
put a foot wrong  1
put a stop to 0
put all one's eggs in one basket 1
put an end to 0
put down as 0
put down for  0
put down roots 1
put down to 0
put food on the table 1
put in motion 0
put in with 0
put into practice 0
put it past 0
put it there  0
put on a pedestal 1
put on one's dancing shoes 1
put on the map 1
put one's best foot forward 1
put one's cards on the table 1
put one's feet up 1
put one's finger on 1
put one's foot down 1
put one's foot in one's mouth 1
put one's hands together  0
put one's head in the sand 1
put one's house in order  0
put one's mind to it  0
put one's money where one's mouth is 1
put out a fire 1
put out of one's misery 0
put out to pasture 1
put paid to 0
put someone under 0
put the boot in 1
put the brakes on 1
put the cart before the horse 1
put the fear of God into 0
put the hammer down 1
put the kibosh on 1
put the pedal to the metal  1
put through its paces 0
put to bed 1
put to the sword 1
put to the test 0
put to use  0
put to work 0
put two and two together 1
put up or shut up 0
put up to 0
put up with 0
put words in someone's mouth 1
quick off the mark 1
quite a bit 0
race against time 1
rack and ruin 1
rags to riches  0
rain on one's parade  1
rain or shine 0
raise one's hand  1
raise the bar 1
raise the roof  1
raise the stakes  0
rank and file 1
ray of light 1
reach for the stars 1
read my lips 0
read someone's lips 0
read someone's mind 0
red letter day 1
reinvent the wheel 1
remain to be seen 0
rest his soul 0
rest on one's laurels 0
return to form  0
rhyme or reason 1
ride one's luck 1
ride roughshod over 0
ride the ... train  0
ride the wave 0
right to life 0
right to work 0
ring a bell 1
rise and shine 1
rise from the ashes 1
rise to the challenge 1
rise to the occasion 0
road to Damascus 1
rob Peter to pay Paul 1
rock the boat 1
roll back the years 1
roll off the tongue 1
roll one's eyes 1
roll out the red carpet 1
roll the dice 1
roll up one's sleeves 1
roof over one's head  1
room for doubt  0
rough and ready 1
rough around the edges  0
round of applause 0
round the bend  0
round the clock 1
rub it in 1
rub off on  0
rue the day 1
rule of thumb 1
rule the roost  1
run a mile  1
run a red light 1
run afoul of  0
run around with 0
run down the clock 0
run for one's money 1
run for the hills 1
run in the family 1
run into the ground 1
run of play 0
run off with  0
run one's course 0
run out of steam  1
run out of town 1
run out the clock 0
run rings around 1
run the clock down 0
run the gamut 1
run the gauntlet 1 
run the show  1
safe and sound  1
said and done 0
salt in the wound 1
salt of the earth 1
same old same old 0
same old story 1
save someone's skin 1
save the day 0
say it all  0
say no more 0
scared to death 1
school of hard knocks 1
scratch one's head  1
scratch the surface 1
scrimp and save 0
scum of the earth 1
seal the deal 1
see a man 0
see eye to eye 1
see someone's point 0
see the forest for the trees 1
see the light 1
see the light of day 1
see the point 0
see you later 0
seize the day 1
sell one's soul 1
send someone packing 1
separate the wheat from the chaff 1
set eyes on 0
set for life 0
set in motion 0
set in one's ways 0
set in stone 1
set of wheels 0
set one's heart on 1
set one's sights on 0
set pulses racing 1
set the bar 1
set the stage 0
set the table 0
set the wheels in motion  1
set the world on fire 1
set to work 0
set up shop 1
sex, drugs and rock 'n' roll  1
shake a leg 1
share a bed 0
she'll be right 0
shed a tear 1
shoot 'em up  0
shoot first and ask questions later 1
shoot the breeze 1
shoot the messenger 1
short and sweet 0
short end of the stick 1
shot across the bow 0
shot in the arm 1
shot in the dark 1
shoulder to cry on 1
shout from the rooftops 1
show one's face 0
shut one's mouth  0
shut the door on 1
sick and tired 1
sigh of relief  0
sight for sore eyes 1
sight to behold 0
sign of the times 0
sign on the dotted line 1
sing the praises of 0
sink one's teeth into 1
sink or swim  1
sit in for 0
sit on it 0
sit on one's hands 1
sit on the fence 1
six feet under 1
six of the best 1
skin and bones 1
skin in the game 1
skip a beat 0
slap in the face 1
slap on the wrist 1
slice of the pie 1
slip of the tongue 1
slip through the cracks 1
slip under the radar 1
slow on the uptake 0
slowly but surely 0
smell a rat 1
smoke and mirrors 1
snakes and ladders 0
snap it up 0
so be it  0
so long as  0
so much as  0
so much for 0
some kind of  0
somewhere along the line  0
song and dance 1
spare no effort 0
speak one's mind  0
speak someone's language 1
spend a penny 1
spic and span 0
spick and span  0
spill the beans 1
spit it out 0
split the difference  0
spoilt for choice 1
spring in one's step  0
spring to life 1
spring to mind 0
spur of the moment  1
square peg in a round hole  1
stab in the back  1
stage of the game 0
stake a claim 0
stand a chance  1
stand in for  0
stand on its own  0
stand on one's own two feet 1
stand one's ground  0
stand the test of time 0
stand to reason 0
stand up and be counted 0
stand up with 0
stars are aligned 1
stars in one's eyes 1
state of affairs  0
stay at home  0
stay the course 0
steady the ship 1
steal a march 1
steal someone's thunder 1
steal the show  1
stem the tide 1
step on it  0
step up one's game 1
step up to the plate  0
stick in the mud  1
stick one's head in the sand  1
stick one's neck out  1
stick one's nose in 1
stick to one's guns 1
stiff upper lip 1
stop and smell the roses 1
stop at nothing 0
straight and narrow 0
stretch one's legs  1
stretch the truth 0
strike a blow 1
strike a chord  0
strike it rich  0
strike while the iron is hot  1
string of pearls  1
string to one's bow 0
strut one's stuff 0
suck it up  0
suffer fools gladly 1
summer and winter 0
suspend one's disbelief 0
swallow one's pride 1
sweeten the pot 1
sweetness and light 1
swing for the fences  1
swing of things 0
swings and roundabouts  0
tail between one's legs 1
tail wagging the dog  1
take a back seat  1
take a bath 1
take a bite 0
take a bow  1
take a breath 0
take a breather 0
take a bullet 1
take a chance 0
take a crack at 1
take a dim view of  1
take a dive 0
take a gamble 0
take a gander 1
take a hike 1
take a joke 0
take a look 0
take a nap  0
take a number 0
take a picture  0
take a risk 0
take a run at 0
take a seat 0
take a stab at  0
take a stand 1
take a tumble 1
take a turn for the better 0
take a turn for the worse 0
take for granted  0
take into account 0
take into consideration 0
take it away  0
take it easy
take it from me
take it or leave it
take it out on
take it outside
take its toll
take matters into one's own hands
take no for an answer
take no prisoners
take on water
take one's chance
take one's eye off the ball
take one's hat off to
take one's lumps
take one's pick
take one's time
take out the trash
take someone's word for it
take the bait
take the bull by the horns
take the cake
take the fall
take the field
take the fifth
take the game to
take the heat
take the hint
take the law into one's own hands
take the lead
take the mickey
take the plunge
take the point
take the reins
take the stand
take the wheel
take to heart
take up with
talk is cheap
talk of the town
talk the talk
taste of one's own medicine
teach someone a lesson
team up with
tear it up
tell it like it is
tell the truth
tell you the truth
tell you what
tempest in a teapot
test of time
test the waters
thank one's lucky stars
that does it
that's just me
that's saying something
the ball is in someone's court
the bee's knees
the buck stops here
the end of one's rope
the hell out of
the icing on the cake
the long and short
the other day
the pants off
the place to be
the plot thickens
the rest is history
the rubber meets the road
the straw that broke the camel's back
the thing is
the upper hand
the wheels came off
the wheels fell off
the whole nine yards
the world over
there and back
there for everyone to see
there we go
there you are
there you go
there you have it
thick and thin
thick of things
thin end of the wedge
things that go bump in the night
think on one's feet
think the world of
this, that, and the other
thorn in someone's side
thorn in the flesh
thread the needle
through and through
through the roof
throw a party
throw a spanner in the works
throw a tantrum
throw caution to the wind
throw down the gauntlet
throw good money after bad
throw in the towel
throw one's hat in the ring
throw one's weight around
throw the baby out with the bathwater
throw the book at
thumb on the scale
thumb one's nose
tick all the boxes
tickle someone's fancy
tie someone's hands
tie the knot
tie up loose ends
time after time
time and material
time of the month
time will tell
tip of the hat
tip of the iceberg
tip one's hand
tip one's hat
tip the scale
tip the scales
tit for tat
to a T
to a fault
to a turn
to all intents and purposes
to be honest
to be named later
to be sure
to die for
to do with
to little avail
to no avail
to one's heart's content
to one's mind
to say nothing of
to say the least
to speak of
to tell the truth
to that end
to the T
to the bone
to the brim
to the gills
to the hilt
to the letter
to the max
to the moon
to the nth degree
to the point
to the tee
to the tune of
toast of the town
toe the line
too big for one's boots
too clever by half
toot one's own horn
tooth and nail
top it off
top of mind
top of the line
touch and go
tough as nails
tough nut to crack
town and gown
trial by fire
trial by media
trials and tribulations
trick up one's sleeve
tried and tested
tried and true
trouble in paradise
true to form
truth be told
try one's hand
try one's luck
tug of war
turn a blind eye
turn a corner
turn a deaf ear
turn a profit
turn of events
turn of foot
turn of phrase
turn one's back
turn one's nose up
turn over a new leaf
turn someone's head
turn the corner
turn the other cheek
turn the page
turn the screw
turn the tables
turn the tide
turn upside down
twist of fate
twist someone's arm
two for two
two left feet
two thumbs up
under a cloud
under lock and key
under no circumstances
under one's breath
under one's hat
under one's nose
under one's own steam
under one's thumb
under one's wing
under the carpet
under the cosh
under the covers
under the gun
under the impression
under the influence
under the knife
under the microscope
under the pump
under the radar
under the rug
under the sun
under the table
under the weather
under the wire
under the yoke
until the cows come home
up a storm
up a tree
up against it
up and down
up and running
up for grabs
up in arms
up in the air
up one's sleeve
up someone's alley
up someone's street
up the ante
up the creek
up the river
up the wall
up the walls
up to here
up to no good
up to par
up to scratch
up to snuff
up to something
up to speed
ups and downs
upset the applecart
use one's head
valley of death
valley of the shadow of death
voice in the wilderness
vote with one's feet
wait for it
wake up and smell the coffee
walk a tightrope
walk all over
walk and chew gum at the same time
walk away from
walk down the aisle
walk in on
walk in the park
walk of life
walk off with
walk on the wild side
walk on water
walk the dog
walk the line
walk the plank
walk the talk
walk the walk
wall of silence
warts and all
wash one's hands
wash one's hands of
watch one's step
watch this space
water under the bridge
wave of the hand
wave the white flag
way back when
wear one's heart on one's sleeve
weather the storm
wee small hours
weight of the world
well and good
well and truly
well, I never
wet behind the ears
wet one's pants
wet the bed
what are the odds
what can I say
what do I know
what do you say
what else is new
what is more
what it takes
what someone said
what was that
what you see is what you get
what's going on
what's in it for me
what's the difference
what's the matter
whatever it takes
when all is said and done
when push comes to shove
when the chips are down
where it's at
whys and wherefores
wide of the mark
win the day
wind at one's back
wipe the slate clean
with a grain of salt
with a vengeance
with a view to
with all due respect
with an eye to
with an eye towards
with any luck
with bated breath
with both hands
with flying colors
with one's bare hands
with one's head held high
with open arms
with the manner
within living memory
without a hitch
without further ado
wolf in sheep's clothing
word of mouth
word on the street
word to the wise
work one's butt off
work one's magic
work to rule
worse for wear
worst of both worlds
worth every penny
worth its weight in gold
worth one's salt
worth one's while
wouldn't hurt a fly
wouldn't you know
wouldn't you know it
wrap one's head around
wriggle out of
write home about
writing on the wall
wrong place at the wrong time
wrong side of the tracks
year in, year out
yellow brick road
yes and no
you don't say
you know it
you know what
you name it
you shouldn't have
you're telling me
young at heart
zero in on
