Quality #1	ID   #2	ID   #1	String       #2	String target
0	NULL	NULL	It was just a part time job, but I got it to pay the bills until something better came up	It was just a part time job, but I pay the bills until something better came up
0	NULL	NULL	Caution: there is more than meets the eye going on here	Caution: there is more than meets the head going on here
0	NULL	NULL	You didn't get the memo? It came with an autographed picture of Al Jolson	You were informed? It came with an autographed picture of Al Jolson
1	NULL	NULL	You could ruin your RSO financially in the long run	You could ruin your RSO financially in the end
1	NULL	NULL	When I think of selfish, mentally unstable, freaky wannabes Nicki Minaj doens't come to mind	When I think of selfish, mentally unstable, freaky wannabes Nicki Minaj doesn't fit the bill
0	NULL	NULL	The odds of two people really being on the same page aren't all that great	The odds of two people really having different opinions isn't all that great
1	NULL	NULL	Half a grand may be a bit much for this mutual assistance	Half a grand may be too much for this mutual assistance
0	NULL	NULL	I wasn't expecting this to come up, since I consider such tech much more advanced and further down the line	I wasn't expecting this to come up, since I consider such tech much more advanced and further down the way
1	NULL	NULL	I shed a tear for them, but I play a small violin every time I here some uneducated whore talk about her taxes as she runs out of a smashed up store with her new iPhone	I am sad for them, but I play a small violin every time I here some uneducated whore talk about her taxes as she runs out of a smashed up store with her new iPhone
1	NULL	NULL	I'm just finally starting to get the hang of productivity/motivation	I'm just finally starting to understand productivity/motivation
0	NULL	NULL	Tell her that you guys can "take care of it" together and a couple years down the road, have a beautiful baby that you are prepared for, together	Tell her that you guys can "take care of it" together and a couple years in the road, have a beautiful baby that you are prepared for, together
0	NULL	NULL	At this rate, Reddit will be desensitized in no time!  Keep up the good fight	At this rate, Reddit will be never be desensitized! Keep up the good fight
1	NULL	NULL	I have a very difficult time keeping up with spoken conversations, am very distracted by background noise, and can virtually never understand people - no matter how loud and clear they are- when there is music, cars, etc in the environment	I have a very difficult time keeping up with spoken conversations, am very distracted by background noise, and can virtually never understand people - no matter how direct they are- when there is music, cars, etc in the environment
0	NULL	NULL	Yes, yes, we all knew rich people can afford more drugs already, no need to rub it in	Yes, yes, we all knew rich people can afford more drugs already, no need to touch it in.
0	NULL	NULL	Do you really have nothing better to do than make people who feel like shit feel even shittier? Maybe you should get a life, not troll	Do you really have nothing better to do than make people who feel like shit feel even shittier? Maybe you should get a soul, not troll
0	NULL	NULL	He states something along the lines of "I'll shoot you dead tonight	He states something nearby the lines of "I'll shoot you dead tonight
1	NULL	NULL	The only thing is I work full time (and then some) and I'm quite long out of school, so now I come to evaluate it, having an afternoon session that is a more in-depth version (more or less) of the morning one will really streamline the studying	The only thing is I work full time (and more) and I'm quite long out of school, so now I come to evaluate it, having an afternoon session that is a more in-depth version (more or less) of the morning one will really streamline the studying
1	NULL	NULL	Glad you're here, and happy to see some activity in this subreddit! My extended family hasn't been told, but I'm sure they can put two and two together	Glad you're here, and happy to see some activity in this subreddit! My extended family hasn't been told, but I'm sure they can figure it out
1	NULL	NULL	I find that developing your "working memory" will help, although I haven't done anything along these lines yet so I'll get back at you with results when I do	I find that developing your "working memory" will help, although I haven't done anything along these lines yet so I'll reply when I do
1	NULL	NULL	I shed a tear for them, but I play a small violin every time I here some uneducated whore talk about her taxes as she runs out of a smashed up store with her new iPhone	I am sympathetic to their situation, but I play a small violin every time I here some uneducated whore talk about her taxes as she runs out of a smashed up store with her new iPhone
1	NULL	NULL	They should have thought outside the box and paid him to not appear on television	They should have been more creative and paid him to not appear on television
1	NULL	NULL	When I think of selfish, mentally unstable, freaky wannabes Nicki Minaj doens't come to mind	When I think of selfish, mentally unstable, freaky wannabes Nicki Minaj is not an example
0	NULL	NULL	You could ruin your RSO financially in the long run	You could ruin your RSO financially immediatley
1	NULL	NULL	Because, he thinks (and I fully agree) that Google's impact on our day-to-day life is far greater and more important in the long run	Because, he thinks (and I fully agree) that Google's impact on our day-to-day life is far greater and more important at a large timescale
0	NULL	NULL	I think, in this instance, being unable to call a spade a spade does more harm than good to the pro-cannabis movement	I think, in this instance, being unable to call a club a club does more harm than good to the pro-cannabis movement
1	NULL	NULL	2 things come to mind:  * if your life is planned, then free-will does not exist  * "you're", not "your"I always have problems mentally parsing sentences that use the incorrect words like that	2 examples:  * if your life is planned, then free-will does not exist  * "you're", not "your"I always have problems mentally parsing sentences that use the incorrect words like that
1	NULL	NULL	When I think of selfish, mentally unstable, freaky wannabes Nicki Minaj doens't come to mind	When I think of selfish, mentally unstable, freaky wannabes Nicki Minaj doesn't fit the bill
0	NULL	NULL	Thats when I wake up in a jolt with my heart rate through the roof hoping I'm actually awake, not dreaming I'm awake	Thats when I wake up in a jold with my heart rate behaving regularly hoping I'm actually awake, not dreaming I'm awake
1	NULL	NULL	we could have this thing in no time	we could have this thing at very shortly
1	NULL	NULL	Since this is the case I suppose we can agree to disagree	Since this is the case I suppose we can have different opinions
1	NULL	NULL	It's hard to batten down the hatches most times, but it is something that needs to be learned and practiced often	It's hard to prepare most times, but it is something that needs to be learned and practiced often
1	NULL	NULL	If you want to talk about it then by all means let's talk about it	If you want to talk about it then I see no reason to not talk about it
0	NULL	NULL	Needless to say, I had the famous deer in the headlights moment realising I just sent a chatlog where a friend tells me how to ask a girl out to that very same girl &amp;#3232;\_&amp;#3232;I tried to save it by following with "hey, do you want to get coffee some time? :&gt;" but it turns out she wasn't interestend anyway and I wasn't that interested myself so it went *okay*we're still friends	Needless to say, I had a moment where I had no issues making a choice realising I just sent a chatlog where a friend tells me how to ask a girl out to that very same girl &amp;#3232;\_&amp;#3232;I tried to save it by following with "hey, do you want to get coffee some time? :&gt;" but it turns out she wasn't interestend anyway and I wasn't that interested myself so it went *okay*we're still friends
0	NULL	NULL	At this rate, Reddit will be desensitized in no time!  Keep up the good fight	At this rate, Reddit will be never be desensitized! Keep up the good fight
0	NULL	NULL	(Take my input with a grain of salt as I'm just a recently graduated high school senior going to college this year)But seriously, tough situation you have there, and my comment may be a little late	(Take my input as absolute truth as I'm just a recently graduated high school senior going to college this year)But seriously, tough situation you have there, and my comment may be a little late
0	NULL	NULL	and hope that she can look on the bright side	and hope that she can look at the side that is bright
1	NULL	NULL	(Take my input with a grain of salt as I'm just a recently graduated high school senior going to college this year)But seriously, tough situation you have there, and my comment may be a little late	(Do not assign much weight to my input as I'm just a recently graduated high school senior going to college this year)But seriously, tough situation you have there, and my comment may be a little late
0	NULL	NULL	Salvation has been in the works throughout all of the timeline	Salvation has been completed throughout all of the timeline
0	NULL	NULL	I think you're being a bit facetious, but let me piggy back off of this comment by saying this:A six figure salary is nothing to sneeze at	I think you're being a bit facetious, but let me piggy back off of this comment by saying this:A six figure salary is nothing to cough on
1	NULL	NULL	Now I just need to pray that people have forgotten there was ever an Esme in Twilight by the time I have kids	Now I just need to pray that people have forgotten there was ever an Esme in Twilight when I have kids
1	NULL	NULL	Tell her that you guys can "take care of it" together and a couple years down the road, have a beautiful baby that you are prepared for, together	Tell her that you guys can "take care of it" together and a couple years in the future, have a beautiful baby that you are prepared for, together
1	NULL	NULL	&gt; but that doesn't mean they stand a chance in ChinaNo	&gt; but that doesn't mean their odds are good in ChinaNo
0	NULL	NULL	com/ They usually have 10-30 games up and running 24/7	com/ They usually have 10-30 games running up 24/7
0	NULL	NULL	The world will never break the cycle of famine and tribal war in places like Somalia without breaking the desperate subsistence economy urge to procreate so that at least some kids survive to be future support for their parents and grandparents	The world will never break the bicycle of famine and tribal war in places like Somalia without breaking the desperate subsistence economy urge to procreate so that at least some kids survive to be future support for their parents and grandparents
0	NULL	NULL	For good or ill, in Thailand there's always someone around who speaks English, unless you go off the beaten track, and it doesn't sound like you're going on that kind of trip	For good or ill, in Thailand there's always someone around who speaks English, unless you go off the beaten car, and it doesn't sound like you're going on that kind of trip
0	NULL	NULL	Why does this not hold top comment?!?! As someone who was in the same boat as you, I urge you to at least try a couple courses of college math	Why does this not hold top comment?!?! As someone who had a different experience, I urge you to at least try a couple courses of college math
1	NULL	NULL	Great food for thought, thank you	Great idea to think about, thank you
1	NULL	NULL	So I worked it all out, I invited him to a friends place where we could be alone, telling him I had a change of heart	So I worked it all out, I invited him to a friends place where we could be alone, telling him I had changed my opinion
1	NULL	NULL	At this rate, Reddit will be desensitized in no time!  Keep up the good fight	At this rate, Reddit will be desensitized very quickly! Keep up the good fight
1	NULL	NULL	The world will never break the cycle of famine and tribal war in places like Somalia without breaking the desperate subsistence economy urge to procreate so that at least some kids survive to be future support for their parents and grandparents	The world will never cease to have famine and tribal war in places like Somalia without breaking the desperate subsistence economy urge to procreate so that at least some kids survive to be future support for their parents and grandparents
1	NULL	NULL	I'm sick and tired of this meme	I'm bored of seeing this meme
0	NULL	NULL	Razor is aiming for that same market corner and they have set the bar rather high for it based on speculation	Razor is aiming for that same market corner and they have sat at the bar rather based on speculation
1	NULL	NULL	He states something along the lines of "I'll shoot you dead tonight	He states something resembling "I'll shoot you dead tonight
1	NULL	NULL	ya, how did Whiteside get the boot, Victorino took a cheap shot at a coach	ya, how did Whiteside get fired, Victorino took a cheap shot at a coach
0	NULL	NULL	Whatever the encoding or compression, 10Mbps is 10Mbps; you're not going to create information out of thin air further down the line	Whatever the encoding or compression, 10Mbps is 10Mbps; you're not going to create information with additional information down the line
0	NULL	NULL	Do you realize what these fuckers have cost us (Wisconsinites) in jobs alone, not to mention tax revenue?!Collective bargaining is just the tip of the iceberg	Do you realize what these fuckers have cost us (Wisconsinites) in jobs alone, not to mention tax revenue?!Collective bargaining is just the end
0	NULL	NULL	Do you realize what these fuckers have cost us (Wisconsinites) in jobs alone, not to mention tax revenue?!Collective bargaining is just the tip of the iceberg	Do you realize what these fuckers have cost us (Wisconsinites) in jobs alone, not to mention tax revenue?!Collective bargaining is just the tip of the glacier
1	NULL	NULL	Does this make me a "gnostic atheist"? I accept the term "strong atheist" or "positive atheist", but why bring up the question of knowledge? The nature of knowledge is a whole other can of worms	Does this make me a "gnostic atheist"? I accept the term "strong atheist" or "positive atheist", but why bring up the question of knowledge? The nature of knowledge is a whole other group of problems
0	NULL	NULL	As an amercan, I can say that if I had the opportunity to get out of here I would in a heartbeat	As an amercan, I can say that if I had the opportunity to get out of here I would never
1	NULL	NULL	That movie was a slap in the face to all the fans of the books	That movie disagreed with all the fans of the books
1	NULL	NULL	Keeping the money close to home is one of the big ones	Keeping money that is easy to access is one of the big ones
0	NULL	NULL	I have a very difficult time keeping up with spoken conversations, am very distracted by background noise, and can virtually never understand people - no matter how loud and clear they are- when there is music, cars, etc in the environment	I have a very difficult time keeping up with spoken conversations, am very distracted by background noise, and can virtually never understand people - no matter how loud they are- when there is music, cars, etc in the environment
0	NULL	NULL	In general it's a good rule of thumb that if it comes right after a preposition, you should probably use "whom"	In general you can rule thumbs that if it comes right after a preposition, you should probably use "whom"
1	NULL	NULL	Just take everything you read with a grain of salt - if ur convinced I'm just spamming the program there's nothing I can do to make you think otherwise	Don't blindly trust everything you read  - if ur convinced I'm just spamming the program there's nothing I can do to make you think otherwise
0	NULL	NULL	In this situation, killing the perp is actually the lesser of two evils	In this situation, killing the perp is actually the lesser two options
0	NULL	NULL	Her total cost out of pocket?  Roughly $240 - one of her anti-rejection medications isn't covered (an antibiotic), and it costs us about $10 a month	Her total cost out of her pants? Roughly $240 - one of her anti-rejection medications isn't covered (an antibiotic), and it costs us about $10 a month
1	NULL	NULL	The only thing is I work full time (and then some) and I'm quite long out of school, so now I come to evaluate it, having an afternoon session that is a more in-depth version (more or less) of the morning one will really streamline the studying	The only thing is I work full time (and more) and I'm quite long out of school, so now I come to evaluate it, having an afternoon session that is a more in-depth version (more or less) of the morning one will really streamline the studying
1	NULL	NULL	I don't know if it's a "fetish," necessarily, but he's (I'm gonna go out on a limb here and assume it's a "he") very disturbed	I don't know if it's a "fetish," necessarily, but he's (I'm gonna guess and assume it's a "he") very disturbed
1	NULL	NULL	I watched Milton in action in *The One Percent* and the guy is so far out of touch with reality it's ridiculous	I watched Milton in action in *The One Percent* and the guy is so disconnected from reality it's ridiculous
1	NULL	NULL	I'd call it quits	I'd give up
0	NULL	NULL	Keeping the money close to home is one of the big ones	Keeping the money at arms length is one of the big ones
1	NULL	NULL	Something along the lines of "meat is made out of animals	Something like "meat is made out of animals
1	NULL	NULL	I once caught him rip a vent off of the front counter where our ice machine was housed, that was a pain in the ass to put back on	I once caught him rip a vent off of the front counter where our ice machine was housed, that was hard to put back on
0	NULL	NULL	There's two creeks, river access, and a bunch of pathways all over the place	There's two creeks, river access, and a bunch of pathways all over the location
0	NULL	NULL	Actually I don't fucking care if you have to punch a wall, or go to the gym to blow off steam	Actually I don't fucking care if you have to punch a wall, or go to the gym to do blow off steam
0	NULL	NULL	&gt; Considering how poorly Israel did against Hezbollah in Lebanon, I doubt fighting Iran would be a walk in the park	&gt; Considering how poorly Israel did against Hezbollah in Lebanon, I doubt fighting Iran would be difficult
1	NULL	NULL	I'm also hard of hearing and have to read lips occasionally to understand what I'm hearing	My hearing isn't the best and have to read lips occasionally to understand what I'm hearing
0	NULL	NULL	My moment in the sun has arrived!	My moment to burn up has arrived
1	NULL	NULL	Must be a slap in the face to those who complain about suggestions xD	Must be quite insulting to those who complain about suggestions xD
0	NULL	NULL	Needless to say, I had the famous deer in the headlights moment realising I just sent a chatlog where a friend tells me how to ask a girl out to that very same girl &amp;#3232;\_&amp;#3232;I tried to save it by following with "hey, do you want to get coffee some time? :&gt;" but it turns out she wasn't interestend anyway and I wasn't that interested myself so it went *okay*we're still friends	Needless to say, I knew what to do when I just sent a chatlog where a friend tells me how to ask a girl out to that very same girl &amp;#3232;\_&amp;#3232;I tried to save it by following with "hey, do you want to get coffee some time? :&gt;" but it turns out she wasn't interestend anyway and I wasn't that interested myself so it went *okay*we're still friends
0	NULL	NULL	I find that developing your "working memory" will help, although I haven't done anything along these lines yet so I'll get back at you with results when I do	I find that developing your "working memory" will help, although I haven't done anything along these lines yet so I've sent the results
0	NULL	NULL	i would argue right off the bat that the gil evans collaborations aren't really miles records, and the post "retirement" work should be categorically shunned	I would last argue that the gil evans collaborations aren't really miles records, and the post "retirement" work should be categorically shunned
0	NULL	NULL	My parents were both old school nurses of the 'walk-it-off' mentality, so I walked off that gimpy ankle again and again	My parents were both old school nurses of the 'walk-it-off' mentality, so I walked off that gimpy ankle once
1	NULL	NULL	I wonder if Lorena's maker will make an appearance in the next book, to avenge the loss of his child	I wonder if Lorena's maker will be part of the next book, to avenge the loss of his child
0	NULL	NULL	My moment in the sun has arrived!	My moment to burn up has arrived
1	NULL	NULL	Sounds like you're well stocked to weather the storm	Sounds like you're well stocked to survive what is next
0	NULL	NULL	When I think of selfish, mentally unstable, freaky wannabes Nicki Minaj doens't come to mind	When I think of selfish, mentally unstable, freaky wannabes Nicki Minaj doesn't come to body
1	NULL	NULL	I was there in 2002 so maybe my memory is skewed, but biking past them I can definitely say they reminded me of that rock in australia just sticking up out of nowhere	I was there in 2002 so maybe my memory is skewed, but biking past them I can definitely say they reminded me of that rock in australia just sticking without any obvious reason
0	NULL	NULL	At this rate, Reddit will be desensitized in no time!  Keep up the good fight	At this rate, Reddit will be desensitized in a long time! Keep up the good fight
1	NULL	NULL	It was just a part time job, but I got it to pay the bills until something better came up	It was just a part time job, but I got it to make money somehow until something better came up
0	NULL	NULL	Never once they are born does shit hit the fan	Never once they are born does shit hit the wall
0	NULL	NULL	It's always going to be smoke and mirrors, to some extent	It's always going to be smokey windows, to some extent
0	NULL	NULL	Then — and I will never forget the look of rage on his face — he screams something about how if we all hate him then he should just get it over with, grabs the edge of the picnic table with both hands, leans way back, and then swings himself forward at full force slamming his face down onto the table top	Then — and I will never forget the look of rage on his face — he screams something about how if we all hate him then he should just get it above with, grabs the edge of the picnic table with both hands, leans way back, and then swings himself forward at full force slamming his face down onto the table top
1	NULL	NULL	This is the same conversation that comes up again and again	This is the same conversation that comes up at a regular cadence
0	NULL	NULL	It may be a hard nut to crack though but when ever have an assumption of a non-physical parameter stood the test of added knowledge?	It may be bread to break but when ever have an assumption of a non-physical parameter stood the test of added knowledge?
0	NULL	NULL	Try and develop a system where you can rival prices on online retailers than brick and mortar stores	Try and develop a system where you can rival prices on online retailers than online stores
0	NULL	NULL	Tell her that you guys can "take care of it" together and a couple years down the road, have a beautiful baby that you are prepared for, together	Tell her that you guys can "take care of it" together at some point in the road, have a beautiful baby that you are prepared for, together
1	NULL	NULL	The footnote to that catch being:  We don't know *anything* with 100% certainty, but trying to live a life where absolutely everything is up in the air and not to be trusted is impossible	The footnote to that catch being:  We don't know *anything* with 100% certainty, but trying to live a life where absolutely everything is undecided and not to be trusted is impossible
1	NULL	NULL	Since this is the case I suppose we can agree to disagree	Since this is the case I suppose we won't reach consensus
0	NULL	NULL	These are generally the most productive immigrants in Canada, however the immigration system as a whole is a net benefit to Canada and one shouldn't jump to conclusions about any of the categories	These are generally the most productive immigrants in Canada, however the immigration system as a whole is a net benefit to Canada and one shouldn't jump on thoughts about any of the categories
1	NULL	NULL	Sometimes you just got to look the other way	Sometimes you just got to not pay attention
1	NULL	NULL	Just keep a stiff upper lip and drive on	Just keep a robust constitution and drive on
0	NULL	NULL	I wonder if Lorena's maker will make an appearance in the next book, to avenge the loss of his child	I wonder if Lorena's maker will not be in the next book, to avenge the loss of his child
1	NULL	NULL	Besides, it may have been better in this situation, but if we open the floodgates on this, all it takes is one sociopathic asshole to try something we won't like, and we'd be wishing we had this level of accountability	Besides, it may have been better in this situation, but if we set a precedent on this, all it takes is one sociopathic asshole to try something we won't like, and we'd be wishing we had this level of accountability
1	NULL	NULL	Great food for thought, thank you	Great idea to think about, thank you
1	NULL	NULL	I have a very difficult time keeping up with spoken conversations, am very distracted by background noise, and can virtually never understand people - no matter how loud and clear they are- when there is music, cars, etc in the environment	I have a very difficult time keeping up with spoken conversations, am very distracted by background noise, and can virtually never understand people - no matter how to the point they are- when there is music, cars, etc in the environment
1	NULL	NULL	MSE and MBAM, free/cheap and worth every penny	MSE and MBAM, free/cheap and well valued
0	NULL	NULL	No drugstore products come to mind other than Max Factor, but I'm not sure how that one is	No drugstore products are forgotten other than Max Factor, but I'm not sure how that one is
0	NULL	NULL	It's completely out of the blue and makes no sense	It's completely expected and makes no sense
1	NULL	NULL	I don't know if it's a "fetish," necessarily, but he's (I'm gonna go out on a limb here and assume it's a "he") very disturbed	I don't know if it's a "fetish," necessarily, but he's (I'm gonna guess and assume it's a "he") very disturbed
0	NULL	NULL	tldr: women in a nutshell	tldr: women as detailed
1	NULL	NULL	No drugstore products come to mind other than Max Factor, but I'm not sure how that one is	Besides Max Factor, I can't think of any drugstore products, but I'm not sure how that one is
0	NULL	NULL	The footnote to that catch being:  We don't know *anything* with 100% certainty, but trying to live a life where absolutely everything is up in the air and not to be trusted is impossible	The footnote to that catch being:  We don't know *anything* with 100% certainty, but trying to live a life where absolutely everything is flying in the air and not to be trusted is impossible
1	NULL	NULL	Never once they are born does shit hit the fan	Never once they are born does shit go down
0	NULL	NULL	I wasn't expecting this to come up, since I consider such tech much more advanced and further down the line	I wasn't expecting this to come up, since I consider such tech much more advanced and further up the line
0	NULL	NULL	Do you really have nothing better to do than make people who feel like shit feel even shittier? Maybe you should get a life, not troll	Do you really have nothing better to do than make people who feel like shit feel even shittier? Maybe you should buy a life, not troll
1	NULL	NULL	I hope it has smaller fish to fry	I hope it has smaller problems to deal with
0	NULL	NULL	If I can get my internet up and running again in time then I'll definitely be on tonight	If I can get my internet down and crawling again in time then I'll definitely be on tonight
1	NULL	NULL	It's just about r/a, and I don't see why people who aren't part of r/a should have a say	It's just about r/a, and I don't see why people who aren't part of r/a should have a voice
1	NULL	NULL	Great food for thought, thank you	Great basis for deep thought, thank you
0	NULL	NULL	You should definitely check out the rest of this CD, it's all over the place in terms of style and influence, so this one song is not indicative of the rest of it	You should definitely check out the rest of this CD, it's consistent in terms of style and influence, so this one song is not indicative of the rest of it
1	NULL	NULL	the poorer you are, the shittier your situation is, the more hate you have for the system that you feel gave you the short end of the stick	the poorer you are, the shittier your situation is, the more hate you have for the system that you feel gave you a bad deal
1	NULL	NULL	I find that developing your "working memory" will help, although I haven't done anything along these lines yet so I'll get back at you with results when I do	I find that developing your "working memory" will help, although I haven't done anything along these lines yet so I'll follow up with results when I do
1	NULL	NULL	Glad you're here, and happy to see some activity in this subreddit! My extended family hasn't been told, but I'm sure they can put two and two together	Glad you're here, and happy to see some activity in this subreddit! My extended family hasn't been told, but I'm sure they can guess whats going on
1	NULL	NULL	That movie was a slap in the face to all the fans of the books	That movie disagreed with all the fans of the books
1	NULL	NULL	2 things come to mind:  * if your life is planned, then free-will does not exist  * "you're", not "your"I always have problems mentally parsing sentences that use the incorrect words like that	2 examples:  * if your life is planned, then free-will does not exist  * "you're", not "your"I always have problems mentally parsing sentences that use the incorrect words like that
1	NULL	NULL	Im going to attempt to have a go at doing what I can to it for the next week, its been one of those 'never happy with it, so never finished it' projects	Im going to attempt to try doing what I can to it for the next week, its been one of those 'never happy with it, so never finished it' projects
1	NULL	NULL	Omar just needs to be consistent, and he'll be getting that USMNT callup in no time	Omar just needs to be consistent, and he'll be getting that USMNT callup shortly
1	NULL	NULL	Do people hate Xpander that much?  I got married 10 years ago and am out of touch, sorry	Do people hate Xpander that much?  I got married 10 years ago and don't understand current norms, sorry
1	NULL	NULL	Every time one of us wants to throw in the towel, we later change our mind	Every time one of us wants to move on, we later change our mind
0	NULL	NULL	Thats when I wake up in a jolt with my heart rate through the roof hoping I'm actually awake, not dreaming I'm awake	Thats when I wake up in a jold with my heart rate behaving regularly hoping I'm actually awake, not dreaming I'm awake
0	NULL	NULL	And I don't think Sabean is going to demand anything or draw a line in the sand for Bochy, so you kind of have to send him down	And I don't think Sabean is going to demand anything or draw a painting in the ocean  for Bochy, so you kind of have to send him down
0	NULL	NULL	Salvation has been in the works throughout all of the timeline	Salvation has been completed throughout all of the timeline
0	NULL	NULL	So Dayne was definitely a great swordsman, and he had a reputation as being an impeccable *true* knight (honourable and loyal and all that jazz), and he also had an awesome sword	So Dayne was definitely a great swordsman, and he had a reputation as being an impeccable *true* knight (honourable and loyal and all that rock), and he also had an awesome sword
1	NULL	NULL	You should definitely check out the rest of this CD, it's all over the place in terms of style and influence, so this one song is not indicative of the rest of it	You should definitely check out the rest of this CD, it's diverse in terms of style and influence, so this one song is not indicative of the rest of it
0	NULL	NULL	They own the paper, but they don't give a shit what goes into it as long as it's in the black and doesn't get them sued	They own the paper, but they don't give a shit what goes into it as long as it's in the red and does't get them sued
0	NULL	NULL	i would argue right off the bat that the gil evans collaborations aren't really miles records, and the post "retirement" work should be categorically shunned	I would never argue that the gil evans collaborations aren't really miles records, and the post "retirement" work should be categorically shunned
0	NULL	NULL	I got very excited as well, but it doesn't seem like there's any actual news suggesting it's in the works	I got very excited as well, but it doesn't seem like there's any actual news suggesting it's in the gears
0	NULL	NULL	They own the paper, but they don't give a shit what goes into it as long as it's in the black and doesn't get them sued	They own the paper, but they don't give a shit what goes into it as long as it's losing money and doesn't get them sued
0	NULL	NULL	So I worked it all out, I invited him to a friends place where we could be alone, telling him I had a change of heart	So I worked it all out, I invited him to a friends place where we could be alone, telling him I had a change of body
0	NULL	NULL	Thats when I wake up in a jolt with my heart rate through the roof hoping I'm actually awake, not dreaming I'm awake	Thats when I wake up in a jolt with my heart rate unchanged hoping I'm actually awake, not dreaming I'm awake
0	NULL	NULL	If you want to talk about it then by all means let's talk about it	If you want to talk about it then by no means let's talk about it
1	NULL	NULL	If you want to talk about it then by all means let's talk about it	If you want to talk about it then let's talk about it
1	NULL	NULL	Do you realize what these fuckers have cost us (Wisconsinites) in jobs alone, not to mention tax revenue?!Collective bargaining is just the tip of the iceberg	Do you realize what these fuckers have cost us (Wisconsinites) in jobs alone, not to mention tax revenue?!Collective bargaining is just the begining
0	NULL	NULL	I imagine it's somewhat similar to people in combat who stand next to a bomb that goes off and they somehow walk away unscathed, against all odds	I imagine it's somewhat similar to people in combat who stand next to a bomb that goes off and they somehow walk away unscathed, as expected by the odds
1	NULL	NULL	MSE and MBAM, free/cheap and worth every penny	MSE and MBAM, free/cheap and well valued
1	NULL	NULL	It would probably be all high and mighty about being so much smarter than me	It would probably be all arogant about being so much smarter than me
1	NULL	NULL	gawwwd mom, I know! She didn't let me off the hook so easy, and told me that while I might say that NOW, it gets harder to keep that in mind when things get "hot and heavy" (I will always remember that those were the exact words she used)	gawwd mom, I know! She didn't drop it so easy, and told me that while I might say that NOW, it gets harder to keep that in mind when things get "hot and heavy" (I will always remember that those were the exact words she used)
1	NULL	NULL	Something along the lines of "meat is made out of animals	Something like "meat is made out of animals
0	NULL	NULL	Must be a slap in the face to those who complain about suggestions xD	Must be punch in the head to those who complain about suggestions xD
0	NULL	NULL	No drugstore products come to mind other than Max Factor, but I'm not sure how that one is	No drugstore products come to skull other than Max Factor, but I'm not sure how that one is
0	NULL	NULL	And I know for a fact that said person wouldn't lift a finger to help me in my hour of need, so it's not like I'm losing an ally	And I know for a fact that said person would help me in my hour of need, so it's not like I'm losing an ally
1	NULL	NULL	The world will never break the cycle of famine and tribal war in places like Somalia without breaking the desperate subsistence economy urge to procreate so that at least some kids survive to be future support for their parents and grandparents	The world will never stop having famine and tribal war in places like Somalia without breaking the desperate subsistence economy urge to procreate so that at least some kids survive to be future support for their parents and grandparents
0	NULL	NULL	I imagine it's somewhat similar to people in combat who stand next to a bomb that goes off and they somehow walk away unscathed, against all odds	I imagine it's somewhat similar to people in combat who stand next to a bomb that goes off and they somehow walk away unscathed, as expected by the odds
1	NULL	NULL	Whatever the encoding or compression, 10Mbps is 10Mbps; you're not going to create information out of thin air further down the line	Whatever the encoding or compression, 10Mbps is 10Mbps; you're not going to create information out of the blue down the line
1	NULL	NULL	In this situation, killing the perp is actually the lesser of two evils	In this situation, killing the perp is actually the least bad choice
0	NULL	NULL	I shed a tear for them, but I play a small violin every time I here some uneducated whore talk about her taxes as she runs out of a smashed up store with her new iPhone	I laugh at them, but I play a small violin every time I here some uneducated whore talk about her taxes as she runs out of a smashed up store with her new iPhone
1	NULL	NULL	It's always going to be smoke and mirrors, to some extent	It's always going to be an illusion, to some extent
1	NULL	NULL	&gt; but that doesn't mean they stand a chance in ChinaNo	&gt; but that doesn't mean they are likely to succeed in ChinaNo
0	NULL	NULL	He states something along the lines of "I'll shoot you dead tonight	He states something unlike "I'll shoot you dead tonight
0	NULL	NULL	My moment in the sun has arrived!	My moment of failure is now
0	NULL	NULL	I've thought of you from time to time since your last AMA and the other thread you posted about your friend	I've thought of you from date to time since your last AMA and the other thread you posted about your friend
1	NULL	NULL	Besides, it may have been better in this situation, but if we open the floodgates on this, all it takes is one sociopathic asshole to try something we won't like, and we'd be wishing we had this level of accountability	Besides, it may have been better in this situation, but if we allow this to become the norm, all it takes is one sociopathic asshole to try something we won't like, and we'd be wishing we had this level of accountability
0	NULL	NULL	When any of us got ahead of the game and had enough money to feel comfortable, we bought the software from the store	When any of us got behind the game and had enough money to feel comfortable, we bought the software from the store
1	NULL	NULL	I like the off the radar approach of just leaving without saying goodbye	I like the subtle approach of just leaving without saying goodbye
1	NULL	NULL	And I know for a fact that said person wouldn't lift a finger to help me in my hour of need, so it's not like I'm losing an ally	And I know for a fact that said person didnt help me in my hour of need, so it's not like I'm losing an ally
0	NULL	NULL	The only pain in the butt was the steroid treatment that they put me on for months after leaving the hospital	The only good part was the steroid treatment that they put me on for months after leaving the hospital
1	NULL	NULL	And I don't think Sabean is going to demand anything or draw a line in the sand for Bochy, so you kind of have to send him down	And I don't think Sabean is going to demand anything or set specific outcomes that trigger events for Bochy, so you kind of have to send him down
0	NULL	NULL	He states something along the lines of "I'll shoot you dead tonight	He states something nearby the lines of "I'll shoot you dead tonight
0	NULL	NULL	Filesize should never be a limiting encoding factor in this day and age	Filesize should never be a limiting encoding factor in the future
0	NULL	NULL	Tell her that you guys can "take care of it" together and a couple years down the road, have a beautiful baby that you are prepared for, together	Tell her that you guys can "take care of it" together and a couple years in the road, have a beautiful baby that you are prepared for, together
1	NULL	NULL	(Take my input with a grain of salt as I'm just a recently graduated high school senior going to college this year)But seriously, tough situation you have there, and my comment may be a little late	(Take my input with little authority as I'm just a recently graduated high school senior going to college this year)But seriously, tough situation you have there, and my comment may be a little late
0	NULL	NULL	You could ruin your RSO financially in the long run	You could ruin your RSO financially immediatley
1	NULL	NULL	As an amercan, I can say that if I had the opportunity to get out of here I would in a heartbeat	As an amercan, I can say that if I had the opportunity to get out of here I would immediatley
0	NULL	NULL	Ponies want to make this here subreddit all kinds of funky and as much as I don't agree with it sometimes one just has to go with the flow I suppose	Ponies want to make this here subreddit all kinds of funky and as much as I don't agree with it sometimes one just has to buck the norm I suppose
0	NULL	NULL	Glad you're here, and happy to see some activity in this subreddit! My extended family hasn't been told, but I'm sure they can put two and two together	Glad you're here, and happy to see some activity in this subreddit! My extended family hasn't been told, but I'm sure they can two and three together
1	NULL	NULL	I'm sick and tired of this meme	I'm bored of seeing this meme
0	NULL	NULL	Whatever the encoding or compression, 10Mbps is 10Mbps; you're not going to create information out of thin air further down the line	Whatever the encoding or compression, 10Mbps is 10Mbps; you're not going to create information with additional information down the line
1	NULL	NULL	What's the average cost of an ambulance run? They should have to right a check on the spot when they pull that bullshit	What's the average cost of an ambulance run? They should have to right a check the instant they pull that bullshit
0	NULL	NULL	As an amercan, I can say that if I had the opportunity to get out of here I would in a heartbeat	As an amercan, I can say that if I had the opportunity to get out of here I would in a heart murmur
1	NULL	NULL	gawwwd mom, I know! She didn't let me off the hook so easy, and told me that while I might say that NOW, it gets harder to keep that in mind when things get "hot and heavy" (I will always remember that those were the exact words she used)	gawwd mom, I know! She didn't drop it so easy, and told me that while I might say that NOW, it gets harder to keep that in mind when things get "hot and heavy" (I will always remember that those were the exact words she used)
1	NULL	NULL	That movie was a slap in the face to all the fans of the books	That movie was insulting to all the fans of the books
1	NULL	NULL	For good or ill, in Thailand there's always someone around who speaks English, unless you go off the beaten track, and it doesn't sound like you're going on that kind of trip	For good or ill, in Thailand there's always someone around who speaks English, unless you go on the less traveled road, and it doesn't sound like you're going on that kind of trip
0	NULL	NULL	Do you really have nothing better to do than make people who feel like shit feel even shittier? Maybe you should get a life, not troll	Do you really have nothing better to do than make people who feel like shit feel even shittier? Maybe you should get a soul, not troll
1	NULL	NULL	Does this make me a "gnostic atheist"? I accept the term "strong atheist" or "positive atheist", but why bring up the question of knowledge? The nature of knowledge is a whole other can of worms	Does this make me a "gnostic atheist"? I accept the term "strong atheist" or "positive atheist", but why bring up the question of knowledge? The nature of knowledge is a whole other set of issues
1	NULL	NULL	It shouldn't be too hard to get the ball rolling	It shouldn't be too hard to get started
0	NULL	NULL	2 things come to mind:  * if your life is planned, then free-will does not exist  * "you're", not "your"I always have problems mentally parsing sentences that use the incorrect words like that	2 things come to be:  * if your life is planned, then free-will does not exist  * "you're", not "your"I always have problems mentally parsing sentences that use the incorrect words like that
1	NULL	NULL	I've seen her, I get the point! It's almost like they don't have any other siblings	I've seen her, I know she exists! It's almost like they don't have any other siblings
1	NULL	NULL	But I'll be damned if I'm going to fight for oil, some UN resolution, or the US occupation of a country, violating the non-aggression principle	But screw me I'm going to fight for oil, some UN resolution, or the US occupation of a country, violating the non-aggression principle
1	NULL	NULL	Keeping the money close to home is one of the big ones	Keeping the money at reach is one of the big ones
1	NULL	NULL	It was just a part time job, but I got it to pay the bills until something better came up	It was just a part time job, but I got it to make money somehow until something better came up
1	NULL	NULL	Needless to say, I had the famous deer in the headlights moment realising I just sent a chatlog where a friend tells me how to ask a girl out to that very same girl &amp;#3232;\_&amp;#3232;I tried to save it by following with "hey, do you want to get coffee some time? :&gt;" but it turns out she wasn't interestend anyway and I wasn't that interested myself so it went *okay*we're still friends	Needless to say, I couldn't make a choice in a moment realising I just sent a chatlog where a friend tells me how to ask a girl out to that very same girl &amp;#3232;\_&amp;#3232;I tried to save it by following with "hey, do you want to get coffee some time? :&gt;" but it turns out she wasn't interestend anyway and I wasn't that interested myself so it went *okay*we're still friends
1	NULL	NULL	As an amercan, I can say that if I had the opportunity to get out of here I would in a heartbeat	As an amercan, I can say that if I had the opportunity to get out of here I would right now
1	NULL	NULL	I got very excited as well, but it doesn't seem like there's any actual news suggesting it's in the works	I got very excited as well, but it doesn't seem like there's any actual news suggesting it's progress
0	NULL	NULL	I imagine it's somewhat similar to people in combat who stand next to a bomb that goes off and they somehow walk away unscathed, against all odds	I imagine it's somewhat similar to people in combat who stand next to a bomb that goes off and they somehow walk away unscathed, as expected
1	NULL	NULL	I think you're being a bit facetious, but let me piggy back off of this comment by saying this:A six figure salary is nothing to sneeze at	I think you're being a bit facetious, but let me piggy back off of this comment by saying this:A six figure salary is nothing to scoff at
1	NULL	NULL	You didn't get the memo? It came with an autographed picture of Al Jolson	You didn't get told? It came with an autographed picture of Al Jolson
1	NULL	NULL	) in the first week so you are all on the same page with stuff	) in the first week so you are all in agreement with stuff
1	NULL	NULL	I got very excited as well, but it doesn't seem like there's any actual news suggesting it's in the works	I got very excited as well, but it doesn't seem like there's any actual news suggesting it's going to happen
0	NULL	NULL	Do people hate Xpander that much?  I got married 10 years ago and am out of touch, sorry	Do people hate Xpander that much?  I got married 10 years ago and respect current views, sorry
